{"accuracy": [0.793948233127594, 0.8162136077880859], "loss": [0.17609459161758423, 0.14915074408054352], "val_accuracy": [0.6308900713920593, 0.5900523662567139], "val_loss": [0.20247304439544678, 0.21175862848758698], "learning_rate": [0.0010000000474974513, 0.0010000000474974513]}