{"accuracy": [0.7928155064582825], "loss": [0.3104366958141327], "val_accuracy": [0.6298429369926453], "val_loss": [0.22834044694900513], "learning_rate": [9.999999747378752e-06]}